{"vanilla": {"test_loss": 0.06271526217460632, "test_accuracy": 0.9911684782608695, "test_precision_at_80_recall": 0.008831521739130434, "test_precision_at_90_recall": 0.008831521739130434, "test_aupr": 0.5044157608695652, "test_runtime": 14.9303, "test_samples_per_second": 98.592, "test_steps_per_second": 3.081}, "oversampled": {"test_loss": 0.22856608033180237, "test_accuracy": 0.9578804347826086, "test_precision_at_80_recall": 0.17567567567567569, "test_precision_at_90_recall": 0.17567567567567569, "test_aupr": 0.5878378378378378, "test_runtime": 15.284, "test_samples_per_second": 96.31, "test_steps_per_second": 3.01}, "augmented": {"test_loss": 0.029012618586421013, "test_accuracy": 0.9959239130434783, "test_precision_at_80_recall": 0.7857142857142857, "test_precision_at_90_recall": 0.008831521739130434, "test_aupr": 0.8125841097308488, "test_runtime": 14.9174, "test_samples_per_second": 98.677, "test_steps_per_second": 3.084}}