{"vanilla": {"test_loss": 0.0778769999742508, "test_accuracy": 0.987220447284345, "test_precision_at_80_recall": 0.012779552715654952, "test_precision_at_90_recall": 0.012779552715654952, "test_aupr": 0.5063897763578274, "test_runtime": 4.3743, "test_samples_per_second": 71.554, "test_steps_per_second": 2.286}, "oversampled": {"test_loss": 0.13102120161056519, "test_accuracy": 0.9648562300319489, "test_precision_at_80_recall": 0.012779552715654952, "test_precision_at_90_recall": 0.012779552715654952, "test_aupr": 0.45832309330711885, "test_runtime": 4.3721, "test_samples_per_second": 71.591, "test_steps_per_second": 2.287}, "augmented": {"test_loss": 0.043500855565071106, "test_accuracy": 0.9936102236421726, "test_precision_at_80_recall": 0.012779552715654952, "test_precision_at_90_recall": 0.012779552715654952, "test_aupr": 0.6698615548455804, "test_runtime": 4.3709, "test_samples_per_second": 71.61, "test_steps_per_second": 2.288}}