{"vanilla": {"test_loss": 0.017667487263679504, "test_accuracy": 0.9911684782608695, "test_precision_at_80_recall": 0.8461538461538461, "test_precision_at_90_recall": 0.5714285714285714, "test_aupr": 0.8162347297119453, "test_runtime": 4.8684, "test_samples_per_second": 302.359, "test_steps_per_second": 9.449}, "oversampled": {"test_loss": 0.02226189710199833, "test_accuracy": 0.9972826086956522, "test_precision_at_80_recall": 0.8461538461538461, "test_precision_at_90_recall": 0.008831521739130434, "test_aupr": 0.8468331939799331, "test_runtime": 4.8343, "test_samples_per_second": 304.492, "test_steps_per_second": 9.515}, "augmented": {"test_loss": 0.025293659418821335, "test_accuracy": 0.9972826086956522, "test_precision_at_80_recall": 0.8461538461538461, "test_precision_at_90_recall": 0.008831521739130434, "test_aupr": 0.8468331939799331, "test_runtime": 4.8358, "test_samples_per_second": 304.398, "test_steps_per_second": 9.512}}