{"vanilla": {"test_loss": 0.034153424203395844, "test_accuracy": 0.9880557398805574, "test_precision_at_80_recall": 0.8823529411764706, "test_precision_at_90_recall": 0.011944260119442602, "test_aupr": 0.8073132745631673, "test_runtime": 5.3116, "test_samples_per_second": 283.72, "test_steps_per_second": 9.037}, "oversampled": {"test_loss": 0.06165679916739464, "test_accuracy": 0.9907100199071002, "test_precision_at_80_recall": 0.625, "test_precision_at_90_recall": 0.011944260119442602, "test_aupr": 0.7197052381220106, "test_runtime": 5.2671, "test_samples_per_second": 286.114, "test_steps_per_second": 9.113}, "augmented": {"test_loss": 0.04732636362314224, "test_accuracy": 0.9907100199071002, "test_precision_at_80_recall": 0.011944260119442602, "test_precision_at_90_recall": 0.011944260119442602, "test_aupr": 0.5933692208935517, "test_runtime": 5.277, "test_samples_per_second": 285.581, "test_steps_per_second": 9.096}}