{"vanilla": {"test_loss": 0.024855345487594604, "test_accuracy": 0.995049504950495, "test_precision_at_80_recall": 0.007425742574257425, "test_precision_at_90_recall": 0.007425742574257425, "test_aupr": 0.7512376237623762, "test_runtime": 1.1792, "test_samples_per_second": 342.611, "test_steps_per_second": 11.025}, "oversampled": {"test_loss": 0.025208191946148872, "test_accuracy": 0.9975247524752475, "test_precision_at_80_recall": 0.007425742574257425, "test_precision_at_90_recall": 0.007425742574257425, "test_aupr": 0.8345709570957096, "test_runtime": 1.1781, "test_samples_per_second": 342.932, "test_steps_per_second": 11.035}, "augmented": {"test_loss": 0.0361524298787117, "test_accuracy": 0.9925742574257426, "test_precision_at_80_recall": 0.007425742574257425, "test_precision_at_90_recall": 0.007425742574257425, "test_aupr": 0.33457095709570955, "test_runtime": 1.1859, "test_samples_per_second": 340.674, "test_steps_per_second": 10.962}}