{"vanilla": {"test_loss": 0.1250993013381958, "test_accuracy": 0.9828431372549019, "test_precision_at_80_recall": 0.01715686274509804, "test_precision_at_90_recall": 0.01715686274509804, "test_aupr": 0.508578431372549, "test_runtime": 1.1719, "test_samples_per_second": 348.154, "test_steps_per_second": 11.093}, "oversampled": {"test_loss": 0.09378179162740707, "test_accuracy": 0.9779411764705882, "test_precision_at_80_recall": 0.46153846153846156, "test_precision_at_90_recall": 0.01715686274509804, "test_aupr": 0.6072908534042987, "test_runtime": 1.1694, "test_samples_per_second": 348.906, "test_steps_per_second": 11.117}, "augmented": {"test_loss": 0.08374317735433578, "test_accuracy": 0.9828431372549019, "test_precision_at_80_recall": 0.01715686274509804, "test_precision_at_90_recall": 0.01715686274509804, "test_aupr": 0.314390756302521, "test_runtime": 1.18, "test_samples_per_second": 345.775, "test_steps_per_second": 11.017}}