{"vanilla": {"test_loss": 0.0896507203578949, "test_accuracy": 0.987220447284345, "test_precision_at_80_recall": 0.012779552715654952, "test_precision_at_90_recall": 0.012779552715654952, "test_aupr": 0.5063897763578274, "test_runtime": 1.5263, "test_samples_per_second": 205.071, "test_steps_per_second": 6.552}, "oversampled": {"test_loss": 0.10717926919460297, "test_accuracy": 0.987220447284345, "test_precision_at_80_recall": 0.012779552715654952, "test_precision_at_90_recall": 0.012779552715654952, "test_aupr": 0.5063897763578274, "test_runtime": 1.5293, "test_samples_per_second": 204.672, "test_steps_per_second": 6.539}, "augmented": {"test_loss": 0.132907435297966, "test_accuracy": 0.9840255591054313, "test_precision_at_80_recall": 0.012779552715654952, "test_precision_at_90_recall": 0.012779552715654952, "test_aupr": 0.006389776357827476, "test_runtime": 1.529, "test_samples_per_second": 204.715, "test_steps_per_second": 6.54}}