{"test_loss": 0.03437534347176552, "test_accuracy": 0.9907663896583564, "test_f1": 0.6428571428571429, "test_precision": 0.6428571428571429, "test_recall": 0.6428571428571429, "test_precisions": [1.0, 1.0, 1.0, 1.0, 1.0, 1.0, 1.0, 1.0, 1.0, 1.0, 1.0, 1.0, 1.0, 1.0, 1.0, 0.9, 0.9, 0.9, 0.9, 0.9, 0.9, 0.8181818181818182, 0.8181818181818182, 0.8181818181818182, 0.8181818181818182, 0.8181818181818182, 0.8181818181818182, 0.8181818181818182, 0.8181818181818182, 0.8181818181818182, 0.8181818181818182, 0.75, 0.75, 0.75, 0.6923076923076923, 0.6923076923076923, 0.6923076923076923, 0.6923076923076923, 0.6923076923076923, 0.6428571428571429, 0.6428571428571429, 0.6428571428571429, 0.6428571428571429, 0.6428571428571429, 0.6428571428571429, 0.6428571428571429, 0.6428571428571429, 0.6428571428571429, 0.6428571428571429, 0.6428571428571429, 0.6428571428571429, 0.6428571428571429, 0.6428571428571429, 0.6428571428571429, 0.6428571428571429, 0.6428571428571429, 0.6428571428571429, 0.6428571428571429, 0.6428571428571429, 0.6428571428571429, 0.6428571428571429, 0.6428571428571429, 0.6428571428571429, 0.6428571428571429, 0.6428571428571429, 0.6428571428571429, 0.6428571428571429, 0.6428571428571429, 0.6428571428571429, 0.6428571428571429, 0.6, 0.6, 0.6, 0.6, 0.6, 0.6, 0.6, 0.6, 0.6, 0.625, 0.625, 0.625, 0.625, 0.625, 0.625, 0.625, 0.625, 0.625, 0.625, 0.625, 0.625, 0.625, 0.625, 0.625, 0.625, 0.5882352941176471, 0.5882352941176471, 0.5882352941176471, 0.5882352941176471, 0.6111111111111112, 0.012927054478301015], "test_recalls": [0.0, 0.14285714285714285, 0.42857142857142855, 0.5714285714285714, 0.5714285714285714, 0.5714285714285714, 0.5714285714285714, 0.5714285714285714, 0.5714285714285714, 0.5714285714285714, 0.5714285714285714, 0.5714285714285714, 0.5714285714285714, 0.5714285714285714, 0.5714285714285714, 0.6428571428571429, 0.6428571428571429, 0.6428571428571429, 0.6428571428571429, 0.6428571428571429, 0.6428571428571429, 0.6428571428571429, 0.6428571428571429, 0.6428571428571429, 0.6428571428571429, 0.6428571428571429, 0.6428571428571429, 0.6428571428571429, 0.6428571428571429, 0.6428571428571429, 0.6428571428571429, 0.6428571428571429, 0.6428571428571429, 0.6428571428571429, 0.6428571428571429, 0.6428571428571429, 0.6428571428571429, 0.6428571428571429, 0.6428571428571429, 0.6428571428571429, 0.6428571428571429, 0.6428571428571429, 0.6428571428571429, 0.6428571428571429, 0.6428571428571429, 0.6428571428571429, 0.6428571428571429, 0.6428571428571429, 0.6428571428571429, 0.6428571428571429, 0.6428571428571429, 0.6428571428571429, 0.6428571428571429, 0.6428571428571429, 0.6428571428571429, 0.6428571428571429, 0.6428571428571429, 0.6428571428571429, 0.6428571428571429, 0.6428571428571429, 0.6428571428571429, 0.6428571428571429, 0.6428571428571429, 0.6428571428571429, 0.6428571428571429, 0.6428571428571429, 0.6428571428571429, 0.6428571428571429, 0.6428571428571429, 0.6428571428571429, 0.6428571428571429, 0.6428571428571429, 0.6428571428571429, 0.6428571428571429, 0.6428571428571429, 0.6428571428571429, 0.6428571428571429, 0.6428571428571429, 0.6428571428571429, 0.7142857142857143, 0.7142857142857143, 0.7142857142857143, 0.7142857142857143, 0.7142857142857143, 0.7142857142857143, 0.7142857142857143, 0.7142857142857143, 0.7142857142857143, 0.7142857142857143, 0.7142857142857143, 0.7142857142857143, 0.7142857142857143, 0.7142857142857143, 0.7142857142857143, 0.7142857142857143, 0.7142857142857143, 0.7142857142857143, 0.7142857142857143, 0.7142857142857143, 0.7857142857142857, 1.0], "test_precision_at_80_recall": 0.571232174002257, "test_precision_at_90_recall": 0.292079614240279, "test_aupr": 0.7927307464998926, "test_runtime": 3.1198, "test_samples_per_second": 347.137, "test_steps_per_second": 10.898}