{"test_loss": 0.08294758200645447, "test_accuracy": 0.984302862419206, "test_f1": 0.48484848484848486, "test_precision": 0.42105263157894735, "test_recall": 0.5714285714285714, "test_precisions": [1.0, 0.4, 0.46153846153846156, 0.42857142857142855, 0.4, 0.4, 0.4375, 0.4375, 0.4375, 0.4375, 0.47058823529411764, 0.47058823529411764, 0.47058823529411764, 0.47058823529411764, 0.47058823529411764, 0.47058823529411764, 0.47058823529411764, 0.47058823529411764, 0.47058823529411764, 0.47058823529411764, 0.4444444444444444, 0.4444444444444444, 0.4444444444444444, 0.4444444444444444, 0.4444444444444444, 0.4444444444444444, 0.4444444444444444, 0.4444444444444444, 0.4444444444444444, 0.4444444444444444, 0.42105263157894735, 0.42105263157894735, 0.42105263157894735, 0.42105263157894735, 0.42105263157894735, 0.42105263157894735, 0.42105263157894735, 0.42105263157894735, 0.42105263157894735, 0.42105263157894735, 0.42105263157894735, 0.42105263157894735, 0.42105263157894735, 0.42105263157894735, 0.42105263157894735, 0.42105263157894735, 0.42105263157894735, 0.42105263157894735, 0.42105263157894735, 0.42105263157894735, 0.42105263157894735, 0.42105263157894735, 0.42105263157894735, 0.42105263157894735, 0.42105263157894735, 0.42105263157894735, 0.42105263157894735, 0.42105263157894735, 0.42105263157894735, 0.42105263157894735, 0.42105263157894735, 0.42105263157894735, 0.42105263157894735, 0.42105263157894735, 0.42105263157894735, 0.42105263157894735, 0.42105263157894735, 0.42105263157894735, 0.42105263157894735, 0.4, 0.4, 0.4, 0.4, 0.38095238095238093, 0.38095238095238093, 0.38095238095238093, 0.38095238095238093, 0.38095238095238093, 0.38095238095238093, 0.38095238095238093, 0.38095238095238093, 0.38095238095238093, 0.38095238095238093, 0.38095238095238093, 0.4090909090909091, 0.4090909090909091, 0.4090909090909091, 0.4090909090909091, 0.4090909090909091, 0.4090909090909091, 0.391304347826087, 0.391304347826087, 0.375, 0.375, 0.375, 0.375, 0.375, 0.375, 0.375, 0.36, 0.012927054478301015], "test_recalls": [0.0, 0.2857142857142857, 0.42857142857142855, 0.42857142857142855, 0.42857142857142855, 0.42857142857142855, 0.5, 0.5, 0.5, 0.5, 0.5714285714285714, 0.5714285714285714, 0.5714285714285714, 0.5714285714285714, 0.5714285714285714, 0.5714285714285714, 0.5714285714285714, 0.5714285714285714, 0.5714285714285714, 0.5714285714285714, 0.5714285714285714, 0.5714285714285714, 0.5714285714285714, 0.5714285714285714, 0.5714285714285714, 0.5714285714285714, 0.5714285714285714, 0.5714285714285714, 0.5714285714285714, 0.5714285714285714, 0.5714285714285714, 0.5714285714285714, 0.5714285714285714, 0.5714285714285714, 0.5714285714285714, 0.5714285714285714, 0.5714285714285714, 0.5714285714285714, 0.5714285714285714, 0.5714285714285714, 0.5714285714285714, 0.5714285714285714, 0.5714285714285714, 0.5714285714285714, 0.5714285714285714, 0.5714285714285714, 0.5714285714285714, 0.5714285714285714, 0.5714285714285714, 0.5714285714285714, 0.5714285714285714, 0.5714285714285714, 0.5714285714285714, 0.5714285714285714, 0.5714285714285714, 0.5714285714285714, 0.5714285714285714, 0.5714285714285714, 0.5714285714285714, 0.5714285714285714, 0.5714285714285714, 0.5714285714285714, 0.5714285714285714, 0.5714285714285714, 0.5714285714285714, 0.5714285714285714, 0.5714285714285714, 0.5714285714285714, 0.5714285714285714, 0.5714285714285714, 0.5714285714285714, 0.5714285714285714, 0.5714285714285714, 0.5714285714285714, 0.5714285714285714, 0.5714285714285714, 0.5714285714285714, 0.5714285714285714, 0.5714285714285714, 0.5714285714285714, 0.5714285714285714, 0.5714285714285714, 0.5714285714285714, 0.5714285714285714, 0.6428571428571429, 0.6428571428571429, 0.6428571428571429, 0.6428571428571429, 0.6428571428571429, 0.6428571428571429, 0.6428571428571429, 0.6428571428571429, 0.6428571428571429, 0.6428571428571429, 0.6428571428571429, 0.6428571428571429, 0.6428571428571429, 0.6428571428571429, 0.6428571428571429, 0.6428571428571429, 1.0], "test_precision_at_80_recall": 0.2072879039704524, "test_precision_at_90_recall": 0.11010747922437669, "test_aupr": 0.41869084717163696, "test_runtime": 3.121, "test_samples_per_second": 347.004, "test_steps_per_second": 10.894}