{"test_loss": 0.0634501650929451, "test_accuracy": 0.9859767891682786, "test_f1": 0.5797101449275361, "test_precision": 0.6060606060606061, "test_recall": 0.5555555555555556, "test_precisions": [1.0, 0.6590909090909091, 0.6595744680851063, 0.6530612244897959, 0.64, 0.6470588235294118, 0.6470588235294118, 0.6470588235294118, 0.6470588235294118, 0.6470588235294118, 0.6470588235294118, 0.6538461538461539, 0.6538461538461539, 0.6538461538461539, 0.6538461538461539, 0.6415094339622641, 0.6481481481481481, 0.6481481481481481, 0.6481481481481481, 0.6363636363636364, 0.625, 0.6206896551724138, 0.6206896551724138, 0.6206896551724138, 0.6206896551724138, 0.6166666666666667, 0.6166666666666667, 0.6166666666666667, 0.6166666666666667, 0.6166666666666667, 0.6166666666666667, 0.6166666666666667, 0.6229508196721312, 0.6229508196721312, 0.6229508196721312, 0.6229508196721312, 0.6229508196721312, 0.6229508196721312, 0.6229508196721312, 0.6229508196721312, 0.6229508196721312, 0.6031746031746031, 0.6031746031746031, 0.6031746031746031, 0.59375, 0.59375, 0.59375, 0.6, 0.6060606060606061, 0.6060606060606061, 0.6060606060606061, 0.5970149253731343, 0.5970149253731343, 0.5970149253731343, 0.5970149253731343, 0.6029411764705882, 0.6029411764705882, 0.5942028985507246, 0.6, 0.6, 0.6, 0.6, 0.6, 0.6, 0.6, 0.6, 0.6, 0.6, 0.5833333333333334, 0.5753424657534246, 0.5753424657534246, 0.581081081081081, 0.581081081081081, 0.5866666666666667, 0.5921052631578947, 0.5921052631578947, 0.5897435897435898, 0.5897435897435898, 0.5897435897435898, 0.5897435897435898, 0.5897435897435898, 0.5875, 0.5875, 0.5875, 0.5802469135802469, 0.573170731707317, 0.5662650602409639, 0.5662650602409639, 0.5647058823529412, 0.5517241379310345, 0.5444444444444444, 0.5434782608695652, 0.5376344086021505, 0.5319148936170213, 0.5263157894736842, 0.5154639175257731, 0.5148514851485149, 0.5096153846153846, 0.4954128440366973, 0.45901639344262296, 0.017408123791102514], "test_recalls": [0.0, 0.4027777777777778, 0.4305555555555556, 0.4444444444444444, 0.4444444444444444, 0.4583333333333333, 0.4583333333333333, 0.4583333333333333, 0.4583333333333333, 0.4583333333333333, 0.4583333333333333, 0.4722222222222222, 0.4722222222222222, 0.4722222222222222, 0.4722222222222222, 0.4722222222222222, 0.4861111111111111, 0.4861111111111111, 0.4861111111111111, 0.4861111111111111, 0.4861111111111111, 0.5, 0.5, 0.5, 0.5, 0.5138888888888888, 0.5138888888888888, 0.5138888888888888, 0.5138888888888888, 0.5138888888888888, 0.5138888888888888, 0.5138888888888888, 0.5277777777777778, 0.5277777777777778, 0.5277777777777778, 0.5277777777777778, 0.5277777777777778, 0.5277777777777778, 0.5277777777777778, 0.5277777777777778, 0.5277777777777778, 0.5277777777777778, 0.5277777777777778, 0.5277777777777778, 0.5277777777777778, 0.5277777777777778, 0.5277777777777778, 0.5416666666666666, 0.5555555555555556, 0.5555555555555556, 0.5555555555555556, 0.5555555555555556, 0.5555555555555556, 0.5555555555555556, 0.5555555555555556, 0.5694444444444444, 0.5694444444444444, 0.5694444444444444, 0.5833333333333334, 0.5833333333333334, 0.5833333333333334, 0.5833333333333334, 0.5833333333333334, 0.5833333333333334, 0.5833333333333334, 0.5833333333333334, 0.5833333333333334, 0.5833333333333334, 0.5833333333333334, 0.5833333333333334, 0.5833333333333334, 0.5972222222222222, 0.5972222222222222, 0.6111111111111112, 0.625, 0.625, 0.6388888888888888, 0.6388888888888888, 0.6388888888888888, 0.6388888888888888, 0.6388888888888888, 0.6527777777777778, 0.6527777777777778, 0.6527777777777778, 0.6527777777777778, 0.6527777777777778, 0.6527777777777778, 0.6527777777777778, 0.6666666666666666, 0.6666666666666666, 0.6805555555555556, 0.6944444444444444, 0.6944444444444444, 0.6944444444444444, 0.6944444444444444, 0.6944444444444444, 0.7222222222222222, 0.7361111111111112, 0.75, 0.7777777777777778, 1.0], "test_precision_at_80_recall": 0.41485556647747085, "test_precision_at_90_recall": 0.21613184513428668, "test_aupr": 0.6059495264943203, "test_runtime": 12.3053, "test_samples_per_second": 336.115, "test_steps_per_second": 10.565}