{"test_loss": 0.10200315713882446, "test_accuracy": 0.9847678916827853, "test_f1": 0.5116279069767442, "test_precision": 0.5789473684210527, "test_recall": 0.4583333333333333, "test_precisions": [1.0, 0.6666666666666666, 0.6585365853658537, 0.6428571428571429, 0.6136363636363636, 0.6136363636363636, 0.6, 0.6, 0.5869565217391305, 0.574468085106383, 0.574468085106383, 0.574468085106383, 0.5625, 0.58, 0.58, 0.58, 0.58, 0.58, 0.58, 0.58, 0.58, 0.58, 0.58, 0.58, 0.58, 0.5882352941176471, 0.5882352941176471, 0.5882352941176471, 0.5882352941176471, 0.5882352941176471, 0.5769230769230769, 0.5769230769230769, 0.5660377358490566, 0.5660377358490566, 0.5660377358490566, 0.5660377358490566, 0.5660377358490566, 0.5660377358490566, 0.5660377358490566, 0.5660377358490566, 0.5660377358490566, 0.5660377358490566, 0.5818181818181818, 0.5818181818181818, 0.5818181818181818, 0.5789473684210527, 0.5789473684210527, 0.5789473684210527, 0.5789473684210527, 0.5789473684210527, 0.5789473684210527, 0.5789473684210527, 0.5789473684210527, 0.5789473684210527, 0.5789473684210527, 0.5789473684210527, 0.5789473684210527, 0.5789473684210527, 0.5789473684210527, 0.5789473684210527, 0.5789473684210527, 0.5689655172413793, 0.5689655172413793, 0.5689655172413793, 0.5689655172413793, 0.576271186440678, 0.576271186440678, 0.576271186440678, 0.576271186440678, 0.576271186440678, 0.5666666666666667, 0.5666666666666667, 0.5666666666666667, 0.5666666666666667, 0.5666666666666667, 0.5666666666666667, 0.5666666666666667, 0.5666666666666667, 0.5666666666666667, 0.5666666666666667, 0.5573770491803278, 0.5573770491803278, 0.5573770491803278, 0.5573770491803278, 0.5573770491803278, 0.5573770491803278, 0.5573770491803278, 0.5573770491803278, 0.5573770491803278, 0.5573770491803278, 0.5573770491803278, 0.5483870967741935, 0.5396825396825397, 0.5396825396825397, 0.546875, 0.5373134328358209, 0.5294117647058824, 0.5217391304347826, 0.5070422535211268, 0.4864864864864865, 0.017408123791102514], "test_recalls": [0.0, 0.3333333333333333, 0.375, 0.375, 0.375, 0.375, 0.375, 0.375, 0.375, 0.375, 0.375, 0.375, 0.375, 0.4027777777777778, 0.4027777777777778, 0.4027777777777778, 0.4027777777777778, 0.4027777777777778, 0.4027777777777778, 0.4027777777777778, 0.4027777777777778, 0.4027777777777778, 0.4027777777777778, 0.4027777777777778, 0.4027777777777778, 0.4166666666666667, 0.4166666666666667, 0.4166666666666667, 0.4166666666666667, 0.4166666666666667, 0.4166666666666667, 0.4166666666666667, 0.4166666666666667, 0.4166666666666667, 0.4166666666666667, 0.4166666666666667, 0.4166666666666667, 0.4166666666666667, 0.4166666666666667, 0.4166666666666667, 0.4166666666666667, 0.4166666666666667, 0.4444444444444444, 0.4444444444444444, 0.4444444444444444, 0.4583333333333333, 0.4583333333333333, 0.4583333333333333, 0.4583333333333333, 0.4583333333333333, 0.4583333333333333, 0.4583333333333333, 0.4583333333333333, 0.4583333333333333, 0.4583333333333333, 0.4583333333333333, 0.4583333333333333, 0.4583333333333333, 0.4583333333333333, 0.4583333333333333, 0.4583333333333333, 0.4583333333333333, 0.4583333333333333, 0.4583333333333333, 0.4583333333333333, 0.4722222222222222, 0.4722222222222222, 0.4722222222222222, 0.4722222222222222, 0.4722222222222222, 0.4722222222222222, 0.4722222222222222, 0.4722222222222222, 0.4722222222222222, 0.4722222222222222, 0.4722222222222222, 0.4722222222222222, 0.4722222222222222, 0.4722222222222222, 0.4722222222222222, 0.4722222222222222, 0.4722222222222222, 0.4722222222222222, 0.4722222222222222, 0.4722222222222222, 0.4722222222222222, 0.4722222222222222, 0.4722222222222222, 0.4722222222222222, 0.4722222222222222, 0.4722222222222222, 0.4722222222222222, 0.4722222222222222, 0.4722222222222222, 0.4861111111111111, 0.5, 0.5, 0.5, 0.5, 0.5, 1.0], "test_precision_at_80_recall": 0.20503946886925606, "test_precision_at_90_recall": 0.11122379633017931, "test_aupr": 0.5023716047359899, "test_runtime": 12.1192, "test_samples_per_second": 341.277, "test_steps_per_second": 10.727}