{"test_loss": 0.023741809651255608, "test_accuracy": 0.9953831948291783, "test_f1": 0.8, "test_precision": 0.9090909090909091, "test_recall": 0.7142857142857143, "test_precisions": [1.0, 1.0, 1.0, 1.0, 1.0, 1.0, 1.0, 1.0, 1.0, 1.0, 1.0, 1.0, 1.0, 1.0, 1.0, 1.0, 1.0, 1.0, 1.0, 1.0, 1.0, 1.0, 1.0, 1.0, 1.0, 1.0, 1.0, 1.0, 1.0, 1.0, 1.0, 1.0, 1.0, 1.0, 1.0, 1.0, 1.0, 1.0, 1.0, 1.0, 1.0, 1.0, 1.0, 1.0, 0.9090909090909091, 0.9090909090909091, 0.9090909090909091, 0.9090909090909091, 0.9090909090909091, 0.9090909090909091, 0.9090909090909091, 0.9090909090909091, 0.9090909090909091, 0.9090909090909091, 0.9090909090909091, 0.9090909090909091, 0.9090909090909091, 0.9090909090909091, 0.9090909090909091, 0.9090909090909091, 0.9090909090909091, 0.9090909090909091, 0.9090909090909091, 0.9090909090909091, 0.9090909090909091, 0.9090909090909091, 0.9090909090909091, 0.9090909090909091, 0.9090909090909091, 0.9090909090909091, 0.9090909090909091, 0.9090909090909091, 0.9090909090909091, 0.9090909090909091, 0.9090909090909091, 0.8333333333333334, 0.8333333333333334, 0.8333333333333334, 0.8333333333333334, 0.8333333333333334, 0.8333333333333334, 0.8333333333333334, 0.8333333333333334, 0.8333333333333334, 0.8333333333333334, 0.8333333333333334, 0.8333333333333334, 0.8333333333333334, 0.8333333333333334, 0.7692307692307693, 0.7692307692307693, 0.7692307692307693, 0.7142857142857143, 0.6666666666666666, 0.6666666666666666, 0.6666666666666666, 0.6666666666666666, 0.6470588235294118, 0.6111111111111112, 0.55, 0.012927054478301015], "test_recalls": [0.0, 0.21428571428571427, 0.42857142857142855, 0.5, 0.6428571428571429, 0.6428571428571429, 0.6428571428571429, 0.6428571428571429, 0.6428571428571429, 0.6428571428571429, 0.6428571428571429, 0.6428571428571429, 0.6428571428571429, 0.6428571428571429, 0.6428571428571429, 0.6428571428571429, 0.6428571428571429, 0.6428571428571429, 0.6428571428571429, 0.6428571428571429, 0.6428571428571429, 0.6428571428571429, 0.7142857142857143, 0.7142857142857143, 0.7142857142857143, 0.7142857142857143, 0.7142857142857143, 0.7142857142857143, 0.7142857142857143, 0.7142857142857143, 0.7142857142857143, 0.7142857142857143, 0.7142857142857143, 0.7142857142857143, 0.7142857142857143, 0.7142857142857143, 0.7142857142857143, 0.7142857142857143, 0.7142857142857143, 0.7142857142857143, 0.7142857142857143, 0.7142857142857143, 0.7142857142857143, 0.7142857142857143, 0.7142857142857143, 0.7142857142857143, 0.7142857142857143, 0.7142857142857143, 0.7142857142857143, 0.7142857142857143, 0.7142857142857143, 0.7142857142857143, 0.7142857142857143, 0.7142857142857143, 0.7142857142857143, 0.7142857142857143, 0.7142857142857143, 0.7142857142857143, 0.7142857142857143, 0.7142857142857143, 0.7142857142857143, 0.7142857142857143, 0.7142857142857143, 0.7142857142857143, 0.7142857142857143, 0.7142857142857143, 0.7142857142857143, 0.7142857142857143, 0.7142857142857143, 0.7142857142857143, 0.7142857142857143, 0.7142857142857143, 0.7142857142857143, 0.7142857142857143, 0.7142857142857143, 0.7142857142857143, 0.7142857142857143, 0.7142857142857143, 0.7142857142857143, 0.7142857142857143, 0.7142857142857143, 0.7142857142857143, 0.7142857142857143, 0.7142857142857143, 0.7142857142857143, 0.7142857142857143, 0.7142857142857143, 0.7142857142857143, 0.7142857142857143, 0.7142857142857143, 0.7142857142857143, 0.7142857142857143, 0.7142857142857143, 0.7142857142857143, 0.7142857142857143, 0.7142857142857143, 0.7142857142857143, 0.7857142857142857, 0.7857142857142857, 0.7857142857142857, 1.0], "test_precision_at_80_recall": 0.51419513696522, "test_precision_at_90_recall": 0.2635610957217605, "test_aupr": 0.821518094772535, "test_runtime": 3.0933, "test_samples_per_second": 350.107, "test_steps_per_second": 10.991}