{"test_loss": 0.1052178218960762, "test_accuracy": 0.9864603481624759, "test_f1": 0.582089552238806, "test_precision": 0.6290322580645161, "test_recall": 0.5416666666666666, "test_precisions": [1.0, 0.6363636363636364, 0.6428571428571429, 0.6551724137931034, 0.6551724137931034, 0.6551724137931034, 0.6551724137931034, 0.6551724137931034, 0.6551724137931034, 0.6440677966101694, 0.6440677966101694, 0.6440677966101694, 0.6440677966101694, 0.6440677966101694, 0.6333333333333333, 0.6333333333333333, 0.6333333333333333, 0.6333333333333333, 0.6333333333333333, 0.6333333333333333, 0.6333333333333333, 0.6333333333333333, 0.639344262295082, 0.639344262295082, 0.639344262295082, 0.639344262295082, 0.639344262295082, 0.639344262295082, 0.639344262295082, 0.639344262295082, 0.639344262295082, 0.639344262295082, 0.639344262295082, 0.6290322580645161, 0.6290322580645161, 0.6290322580645161, 0.6290322580645161, 0.6290322580645161, 0.6290322580645161, 0.6290322580645161, 0.6290322580645161, 0.6290322580645161, 0.6290322580645161, 0.6290322580645161, 0.6290322580645161, 0.6290322580645161, 0.6290322580645161, 0.6290322580645161, 0.6290322580645161, 0.6290322580645161, 0.6290322580645161, 0.6290322580645161, 0.6290322580645161, 0.6290322580645161, 0.6290322580645161, 0.6290322580645161, 0.6290322580645161, 0.6290322580645161, 0.6290322580645161, 0.6290322580645161, 0.6290322580645161, 0.6290322580645161, 0.6290322580645161, 0.6349206349206349, 0.6349206349206349, 0.6349206349206349, 0.6349206349206349, 0.6349206349206349, 0.6349206349206349, 0.6349206349206349, 0.6349206349206349, 0.6349206349206349, 0.6349206349206349, 0.6349206349206349, 0.6349206349206349, 0.6349206349206349, 0.6349206349206349, 0.625, 0.625, 0.625, 0.625, 0.625, 0.625, 0.625, 0.625, 0.625, 0.625, 0.625, 0.625, 0.625, 0.625, 0.625, 0.6153846153846154, 0.6153846153846154, 0.6153846153846154, 0.6153846153846154, 0.6153846153846154, 0.6153846153846154, 0.6153846153846154, 0.6153846153846154, 0.017408123791102514], "test_recalls": [0.0, 0.4861111111111111, 0.5, 0.5277777777777778, 0.5277777777777778, 0.5277777777777778, 0.5277777777777778, 0.5277777777777778, 0.5277777777777778, 0.5277777777777778, 0.5277777777777778, 0.5277777777777778, 0.5277777777777778, 0.5277777777777778, 0.5277777777777778, 0.5277777777777778, 0.5277777777777778, 0.5277777777777778, 0.5277777777777778, 0.5277777777777778, 0.5277777777777778, 0.5277777777777778, 0.5416666666666666, 0.5416666666666666, 0.5416666666666666, 0.5416666666666666, 0.5416666666666666, 0.5416666666666666, 0.5416666666666666, 0.5416666666666666, 0.5416666666666666, 0.5416666666666666, 0.5416666666666666, 0.5416666666666666, 0.5416666666666666, 0.5416666666666666, 0.5416666666666666, 0.5416666666666666, 0.5416666666666666, 0.5416666666666666, 0.5416666666666666, 0.5416666666666666, 0.5416666666666666, 0.5416666666666666, 0.5416666666666666, 0.5416666666666666, 0.5416666666666666, 0.5416666666666666, 0.5416666666666666, 0.5416666666666666, 0.5416666666666666, 0.5416666666666666, 0.5416666666666666, 0.5416666666666666, 0.5416666666666666, 0.5416666666666666, 0.5416666666666666, 0.5416666666666666, 0.5416666666666666, 0.5416666666666666, 0.5416666666666666, 0.5416666666666666, 0.5416666666666666, 0.5555555555555556, 0.5555555555555556, 0.5555555555555556, 0.5555555555555556, 0.5555555555555556, 0.5555555555555556, 0.5555555555555556, 0.5555555555555556, 0.5555555555555556, 0.5555555555555556, 0.5555555555555556, 0.5555555555555556, 0.5555555555555556, 0.5555555555555556, 0.5555555555555556, 0.5555555555555556, 0.5555555555555556, 0.5555555555555556, 0.5555555555555556, 0.5555555555555556, 0.5555555555555556, 0.5555555555555556, 0.5555555555555556, 0.5555555555555556, 0.5555555555555556, 0.5555555555555556, 0.5555555555555556, 0.5555555555555556, 0.5555555555555556, 0.5555555555555556, 0.5555555555555556, 0.5555555555555556, 0.5555555555555556, 0.5555555555555556, 0.5555555555555556, 0.5555555555555556, 0.5555555555555556, 1.0], "test_precision_at_80_recall": 0.2864975450081833, "test_precision_at_90_recall": 0.1519528343996429, "test_aupr": 0.5828750368575353, "test_runtime": 12.0992, "test_samples_per_second": 341.841, "test_steps_per_second": 10.745}