{"vanilla": {"eval_loss": 0.05524831637740135, "eval_accuracy": 0.9922439154854239, "eval_precision_at_80_recall": 0.00775608451457609, "eval_precision_at_90_recall": 0.00775608451457609, "eval_aupr": 0.503878042257288, "eval_runtime": 36.1445, "eval_samples_per_second": 103.446, "eval_steps_per_second": 3.237, "epoch": 4.0}, "val_set_size": 3739, "val_pos_size": 29, "oversampled": {"eval_loss": 1.9291073083877563, "eval_accuracy": 0.00775608451457609, "eval_precision_at_80_recall": 0.00775608451457609, "eval_precision_at_90_recall": 0.00775608451457609, "eval_aupr": 0.503878042257288, "eval_runtime": 35.7767, "eval_samples_per_second": 104.509, "eval_steps_per_second": 3.27, "epoch": 4.0}, "augmented": {"eval_loss": 2.249257802963257, "eval_accuracy": 0.00775608451457609, "eval_precision_at_80_recall": 0.00775608451457609, "eval_precision_at_90_recall": 0.00775608451457609, "eval_aupr": 0.503878042257288, "eval_runtime": 35.7585, "eval_samples_per_second": 104.563, "eval_steps_per_second": 3.272, "epoch": 4.0}}