{"test_loss": 0.11423689126968384, "test_accuracy": 0.9857350096711799, "test_f1": 0.598639455782313, "test_precision": 0.5866666666666667, "test_recall": 0.6111111111111112, "test_precisions": [1.0, 0.5970149253731343, 0.5882352941176471, 0.5942028985507246, 0.5942028985507246, 0.5942028985507246, 0.6, 0.6, 0.5915492957746479, 0.5833333333333334, 0.5833333333333334, 0.5833333333333334, 0.5833333333333334, 0.5833333333333334, 0.5833333333333334, 0.5833333333333334, 0.5833333333333334, 0.5833333333333334, 0.5833333333333334, 0.5833333333333334, 0.5833333333333334, 0.5833333333333334, 0.5833333333333334, 0.5753424657534246, 0.5753424657534246, 0.5753424657534246, 0.5753424657534246, 0.5753424657534246, 0.5753424657534246, 0.5753424657534246, 0.5753424657534246, 0.5753424657534246, 0.5753424657534246, 0.5753424657534246, 0.5753424657534246, 0.581081081081081, 0.581081081081081, 0.5866666666666667, 0.5866666666666667, 0.5866666666666667, 0.5866666666666667, 0.5866666666666667, 0.5866666666666667, 0.5866666666666667, 0.5866666666666667, 0.5866666666666667, 0.5866666666666667, 0.5866666666666667, 0.5866666666666667, 0.5866666666666667, 0.5866666666666667, 0.5866666666666667, 0.5866666666666667, 0.5866666666666667, 0.5866666666666667, 0.5866666666666667, 0.5866666666666667, 0.5866666666666667, 0.5866666666666667, 0.5866666666666667, 0.5866666666666667, 0.5866666666666667, 0.5866666666666667, 0.5866666666666667, 0.5866666666666667, 0.5866666666666667, 0.5866666666666667, 0.5866666666666667, 0.5866666666666667, 0.5866666666666667, 0.5866666666666667, 0.5866666666666667, 0.5866666666666667, 0.5866666666666667, 0.5866666666666667, 0.5866666666666667, 0.5866666666666667, 0.5866666666666667, 0.5866666666666667, 0.5866666666666667, 0.5866666666666667, 0.5789473684210527, 0.5789473684210527, 0.5789473684210527, 0.5714285714285714, 0.5714285714285714, 0.5714285714285714, 0.5714285714285714, 0.5714285714285714, 0.5714285714285714, 0.5714285714285714, 0.5714285714285714, 0.575, 0.5679012345679012, 0.5679012345679012, 0.5679012345679012, 0.573170731707317, 0.573170731707317, 0.573170731707317, 0.5714285714285714, 0.017408123791102514], "test_recalls": [0.0, 0.5555555555555556, 0.5555555555555556, 0.5694444444444444, 0.5694444444444444, 0.5694444444444444, 0.5833333333333334, 0.5833333333333334, 0.5833333333333334, 0.5833333333333334, 0.5833333333333334, 0.5833333333333334, 0.5833333333333334, 0.5833333333333334, 0.5833333333333334, 0.5833333333333334, 0.5833333333333334, 0.5833333333333334, 0.5833333333333334, 0.5833333333333334, 0.5833333333333334, 0.5833333333333334, 0.5833333333333334, 0.5833333333333334, 0.5833333333333334, 0.5833333333333334, 0.5833333333333334, 0.5833333333333334, 0.5833333333333334, 0.5833333333333334, 0.5833333333333334, 0.5833333333333334, 0.5833333333333334, 0.5833333333333334, 0.5833333333333334, 0.5972222222222222, 0.5972222222222222, 0.6111111111111112, 0.6111111111111112, 0.6111111111111112, 0.6111111111111112, 0.6111111111111112, 0.6111111111111112, 0.6111111111111112, 0.6111111111111112, 0.6111111111111112, 0.6111111111111112, 0.6111111111111112, 0.6111111111111112, 0.6111111111111112, 0.6111111111111112, 0.6111111111111112, 0.6111111111111112, 0.6111111111111112, 0.6111111111111112, 0.6111111111111112, 0.6111111111111112, 0.6111111111111112, 0.6111111111111112, 0.6111111111111112, 0.6111111111111112, 0.6111111111111112, 0.6111111111111112, 0.6111111111111112, 0.6111111111111112, 0.6111111111111112, 0.6111111111111112, 0.6111111111111112, 0.6111111111111112, 0.6111111111111112, 0.6111111111111112, 0.6111111111111112, 0.6111111111111112, 0.6111111111111112, 0.6111111111111112, 0.6111111111111112, 0.6111111111111112, 0.6111111111111112, 0.6111111111111112, 0.6111111111111112, 0.6111111111111112, 0.6111111111111112, 0.6111111111111112, 0.6111111111111112, 0.6111111111111112, 0.6111111111111112, 0.6111111111111112, 0.6111111111111112, 0.6111111111111112, 0.6111111111111112, 0.6111111111111112, 0.6111111111111112, 0.6388888888888888, 0.6388888888888888, 0.6388888888888888, 0.6388888888888888, 0.6527777777777778, 0.6527777777777778, 0.6527777777777778, 0.6666666666666666, 1.0], "test_precision_at_80_recall": 0.34982039237358376, "test_precision_at_90_recall": 0.18361425808234316, "test_aupr": 0.6061945729046329, "test_runtime": 12.3097, "test_samples_per_second": 335.994, "test_steps_per_second": 10.561}