{"test_loss": 0.03647247701883316, "test_accuracy": 0.9935364727608494, "test_f1": 0.7200000000000001, "test_precision": 0.8181818181818182, "test_recall": 0.6428571428571429, "test_precisions": [1.0, 1.0, 1.0, 1.0, 1.0, 1.0, 1.0, 1.0, 1.0, 1.0, 1.0, 1.0, 1.0, 1.0, 1.0, 1.0, 1.0, 1.0, 0.9, 0.9, 0.9, 0.9, 0.9, 0.9, 0.9, 0.9, 0.9, 0.9, 0.9, 0.9, 0.9, 0.9, 0.8181818181818182, 0.8181818181818182, 0.8181818181818182, 0.8181818181818182, 0.8181818181818182, 0.8181818181818182, 0.8181818181818182, 0.8181818181818182, 0.8181818181818182, 0.8181818181818182, 0.8181818181818182, 0.8181818181818182, 0.8181818181818182, 0.8181818181818182, 0.8181818181818182, 0.8181818181818182, 0.8181818181818182, 0.8181818181818182, 0.8181818181818182, 0.8181818181818182, 0.8181818181818182, 0.8181818181818182, 0.8181818181818182, 0.8181818181818182, 0.8181818181818182, 0.8181818181818182, 0.8181818181818182, 0.8181818181818182, 0.8181818181818182, 0.8181818181818182, 0.8181818181818182, 0.8181818181818182, 0.8181818181818182, 0.8181818181818182, 0.8181818181818182, 0.8181818181818182, 0.8181818181818182, 0.8181818181818182, 0.8181818181818182, 0.8181818181818182, 0.8181818181818182, 0.8181818181818182, 0.8181818181818182, 0.8181818181818182, 0.8181818181818182, 0.8181818181818182, 0.8181818181818182, 0.8181818181818182, 0.8181818181818182, 0.8181818181818182, 0.8181818181818182, 0.8181818181818182, 0.8181818181818182, 0.8181818181818182, 0.8181818181818182, 0.8181818181818182, 0.8181818181818182, 0.8181818181818182, 0.8181818181818182, 0.8181818181818182, 0.8181818181818182, 0.8181818181818182, 0.8181818181818182, 0.8181818181818182, 0.8181818181818182, 0.8181818181818182, 0.8181818181818182, 0.8181818181818182, 0.012927054478301015], "test_recalls": [0.0, 0.6428571428571429, 0.6428571428571429, 0.6428571428571429, 0.6428571428571429, 0.6428571428571429, 0.6428571428571429, 0.6428571428571429, 0.6428571428571429, 0.6428571428571429, 0.6428571428571429, 0.6428571428571429, 0.6428571428571429, 0.6428571428571429, 0.6428571428571429, 0.6428571428571429, 0.6428571428571429, 0.6428571428571429, 0.6428571428571429, 0.6428571428571429, 0.6428571428571429, 0.6428571428571429, 0.6428571428571429, 0.6428571428571429, 0.6428571428571429, 0.6428571428571429, 0.6428571428571429, 0.6428571428571429, 0.6428571428571429, 0.6428571428571429, 0.6428571428571429, 0.6428571428571429, 0.6428571428571429, 0.6428571428571429, 0.6428571428571429, 0.6428571428571429, 0.6428571428571429, 0.6428571428571429, 0.6428571428571429, 0.6428571428571429, 0.6428571428571429, 0.6428571428571429, 0.6428571428571429, 0.6428571428571429, 0.6428571428571429, 0.6428571428571429, 0.6428571428571429, 0.6428571428571429, 0.6428571428571429, 0.6428571428571429, 0.6428571428571429, 0.6428571428571429, 0.6428571428571429, 0.6428571428571429, 0.6428571428571429, 0.6428571428571429, 0.6428571428571429, 0.6428571428571429, 0.6428571428571429, 0.6428571428571429, 0.6428571428571429, 0.6428571428571429, 0.6428571428571429, 0.6428571428571429, 0.6428571428571429, 0.6428571428571429, 0.6428571428571429, 0.6428571428571429, 0.6428571428571429, 0.6428571428571429, 0.6428571428571429, 0.6428571428571429, 0.6428571428571429, 0.6428571428571429, 0.6428571428571429, 0.6428571428571429, 0.6428571428571429, 0.6428571428571429, 0.6428571428571429, 0.6428571428571429, 0.6428571428571429, 0.6428571428571429, 0.6428571428571429, 0.6428571428571429, 0.6428571428571429, 0.6428571428571429, 0.6428571428571429, 0.6428571428571429, 0.6428571428571429, 0.6428571428571429, 0.6428571428571429, 0.6428571428571429, 0.6428571428571429, 0.6428571428571429, 0.6428571428571429, 0.6428571428571429, 0.6428571428571429, 0.6428571428571429, 0.6428571428571429, 0.6428571428571429, 1.0], "test_precision_at_80_recall": 0.4638697221522706, "test_precision_at_90_recall": 0.23839838831528581, "test_aupr": 0.7912694415464498, "test_runtime": 3.1182, "test_samples_per_second": 347.319, "test_steps_per_second": 10.904}