{"vanilla": {"eval_loss": 0.03532999008893967, "eval_accuracy": 0.9914993093188822, "eval_precision_at_80_recall": 0.011475932419509085, "eval_precision_at_90_recall": 0.011475932419509085, "eval_aupr": 0.6278704453111386, "eval_runtime": 92.1578, "eval_samples_per_second": 102.118, "eval_steps_per_second": 3.201, "epoch": 4.0}, "val_set_size": 9411, "val_pos_size": 108, "oversampled": {"eval_loss": 0.061516400426626205, "eval_accuracy": 0.992349378386994, "eval_precision_at_80_recall": 0.011475932419509085, "eval_precision_at_90_recall": 0.011475932419509085, "eval_aupr": 0.6961786272084595, "eval_runtime": 91.4344, "eval_samples_per_second": 102.926, "eval_steps_per_second": 3.226, "epoch": 4.0}, "augmented": {"eval_loss": 0.050532031804323196, "eval_accuracy": 0.9909680161513122, "eval_precision_at_80_recall": 0.011475932419509085, "eval_precision_at_90_recall": 0.011475932419509085, "eval_aupr": 0.5856037674993126, "eval_runtime": 91.3876, "eval_samples_per_second": 102.979, "eval_steps_per_second": 3.228, "epoch": 4.0}}