{"vanilla": {"eval_loss": 0.08501548320055008, "eval_accuracy": 0.9875511875511875, "eval_precision_at_80_recall": 0.012448812448812449, "eval_precision_at_90_recall": 0.012448812448812449, "eval_aupr": 0.5062244062244062, "eval_runtime": 61.0317, "eval_samples_per_second": 100.03, "eval_steps_per_second": 3.13, "epoch": 4.0}, "val_set_size": 6105, "val_pos_size": 76, "oversampled": {"eval_loss": 0.15110932290554047, "eval_accuracy": 0.9626535626535626, "eval_precision_at_80_recall": 0.012448812448812449, "eval_precision_at_90_recall": 0.012448812448812449, "eval_aupr": 0.4553262420473445, "eval_runtime": 60.3557, "eval_samples_per_second": 101.15, "eval_steps_per_second": 3.165, "epoch": 4.0}, "augmented": {"eval_loss": 2.3237085342407227, "eval_accuracy": 0.012448812448812449, "eval_precision_at_80_recall": 0.012448812448812449, "eval_precision_at_90_recall": 0.012448812448812449, "eval_aupr": 0.5062244062244062, "eval_runtime": 60.134, "eval_samples_per_second": 101.523, "eval_steps_per_second": 3.176, "epoch": 4.0}}