{"vanilla": {"test_loss": 0.1203334629535675, "test_accuracy": 0.9828431372549019, "test_precision_at_80_recall": 0.01715686274509804, "test_precision_at_90_recall": 0.01715686274509804, "test_aupr": 0.508578431372549, "test_runtime": 3.3006, "test_samples_per_second": 123.615, "test_steps_per_second": 3.939}, "oversampled": {"test_loss": 0.7575790286064148, "test_accuracy": 0.01715686274509804, "test_precision_at_80_recall": 0.01715686274509804, "test_precision_at_90_recall": 0.01715686274509804, "test_aupr": 0.508578431372549, "test_runtime": 3.2451, "test_samples_per_second": 125.726, "test_steps_per_second": 4.006}, "augmented": {"test_loss": 0.6573545932769775, "test_accuracy": 0.9828431372549019, "test_precision_at_80_recall": 0.01715686274509804, "test_precision_at_90_recall": 0.01715686274509804, "test_aupr": 0.508578431372549, "test_runtime": 3.2412, "test_samples_per_second": 125.879, "test_steps_per_second": 4.011}}