{"vanilla": {"test_loss": 0.0878424197435379, "test_accuracy": 0.9880557398805574, "test_precision_at_80_recall": 0.011944260119442602, "test_precision_at_90_recall": 0.011944260119442602, "test_aupr": 0.5059721300597213, "test_runtime": 15.8844, "test_samples_per_second": 94.873, "test_steps_per_second": 3.022}, "oversampled": {"test_loss": 1.7144306898117065, "test_accuracy": 0.011944260119442602, "test_precision_at_80_recall": 0.011944260119442602, "test_precision_at_90_recall": 0.011944260119442602, "test_aupr": 0.5059721300597213, "test_runtime": 15.8391, "test_samples_per_second": 95.144, "test_steps_per_second": 3.03}, "augmented": {"test_loss": 2.2478978633880615, "test_accuracy": 0.011944260119442602, "test_precision_at_80_recall": 0.011944260119442602, "test_precision_at_90_recall": 0.011944260119442602, "test_aupr": 0.5059721300597213, "test_runtime": 15.826, "test_samples_per_second": 95.223, "test_steps_per_second": 3.033}}