{"test_loss": 0.04342745617032051, "test_accuracy": 0.9933078393881453, "test_f1": 0.631578947368421, "test_precision": 0.75, "test_recall": 0.5454545454545454, "test_precisions": [1.0, 0.6, 0.6, 0.6, 0.6666666666666666, 0.6666666666666666, 0.6666666666666666, 0.6666666666666666, 0.6666666666666666, 0.6666666666666666, 0.6666666666666666, 0.7142857142857143, 0.7142857142857143, 0.7142857142857143, 0.75, 0.75, 0.75, 0.75, 0.75, 0.75, 0.75, 0.75, 0.75, 0.75, 0.75, 0.75, 0.75, 0.75, 0.75, 0.75, 0.75, 0.75, 0.75, 0.75, 0.75, 0.75, 0.75, 0.75, 0.75, 0.75, 0.75, 0.75, 0.75, 0.75, 0.75, 0.75, 0.75, 0.75, 0.75, 0.75, 0.75, 0.75, 0.75, 0.75, 0.75, 0.75, 0.75, 0.75, 0.75, 0.75, 0.75, 0.75, 0.75, 0.75, 0.75, 0.75, 0.75, 0.75, 0.75, 0.75, 0.75, 0.75, 0.75, 0.75, 0.75, 0.75, 0.75, 0.75, 0.75, 0.75, 0.75, 0.75, 0.75, 0.75, 0.75, 0.75, 0.75, 0.75, 0.75, 0.75, 0.75, 0.75, 0.75, 0.75, 0.75, 0.75, 0.75, 0.75, 0.75, 0.7777777777777778, 0.010516252390057362], "test_recalls": [0.0, 0.2727272727272727, 0.2727272727272727, 0.2727272727272727, 0.36363636363636365, 0.36363636363636365, 0.36363636363636365, 0.36363636363636365, 0.36363636363636365, 0.36363636363636365, 0.36363636363636365, 0.45454545454545453, 0.45454545454545453, 0.45454545454545453, 0.5454545454545454, 0.5454545454545454, 0.5454545454545454, 0.5454545454545454, 0.5454545454545454, 0.5454545454545454, 0.5454545454545454, 0.5454545454545454, 0.5454545454545454, 0.5454545454545454, 0.5454545454545454, 0.5454545454545454, 0.5454545454545454, 0.5454545454545454, 0.5454545454545454, 0.5454545454545454, 0.5454545454545454, 0.5454545454545454, 0.5454545454545454, 0.5454545454545454, 0.5454545454545454, 0.5454545454545454, 0.5454545454545454, 0.5454545454545454, 0.5454545454545454, 0.5454545454545454, 0.5454545454545454, 0.5454545454545454, 0.5454545454545454, 0.5454545454545454, 0.5454545454545454, 0.5454545454545454, 0.5454545454545454, 0.5454545454545454, 0.5454545454545454, 0.5454545454545454, 0.5454545454545454, 0.5454545454545454, 0.5454545454545454, 0.5454545454545454, 0.5454545454545454, 0.5454545454545454, 0.5454545454545454, 0.5454545454545454, 0.5454545454545454, 0.5454545454545454, 0.5454545454545454, 0.5454545454545454, 0.5454545454545454, 0.5454545454545454, 0.5454545454545454, 0.5454545454545454, 0.5454545454545454, 0.5454545454545454, 0.5454545454545454, 0.5454545454545454, 0.5454545454545454, 0.5454545454545454, 0.5454545454545454, 0.5454545454545454, 0.5454545454545454, 0.5454545454545454, 0.5454545454545454, 0.5454545454545454, 0.5454545454545454, 0.5454545454545454, 0.5454545454545454, 0.5454545454545454, 0.5454545454545454, 0.5454545454545454, 0.5454545454545454, 0.5454545454545454, 0.5454545454545454, 0.5454545454545454, 0.5454545454545454, 0.5454545454545454, 0.5454545454545454, 0.5454545454545454, 0.5454545454545454, 0.5454545454545454, 0.5454545454545454, 0.5454545454545454, 0.5454545454545454, 0.5454545454545454, 0.5454545454545454, 0.6363636363636364, 1.0], "test_precision_at_80_recall": 0.4325100913533035, "test_precision_at_90_recall": 0.2215131718716804, "test_aupr": 0.6178572118342673, "test_runtime": 2.8697, "test_samples_per_second": 364.492, "test_steps_per_second": 11.499}