{"test_loss": 0.11896836757659912, "test_accuracy": 0.9830754352030948, "test_f1": 0.4166666666666667, "test_precision": 0.5208333333333334, "test_recall": 0.3472222222222222, "test_precisions": [1.0, 0.5, 0.5277777777777778, 0.5263157894736842, 0.5263157894736842, 0.5263157894736842, 0.5128205128205128, 0.5128205128205128, 0.5, 0.5238095238095238, 0.5238095238095238, 0.5348837209302325, 0.5348837209302325, 0.5348837209302325, 0.5227272727272727, 0.5333333333333333, 0.5434782608695652, 0.5434782608695652, 0.5434782608695652, 0.5434782608695652, 0.5434782608695652, 0.5319148936170213, 0.5319148936170213, 0.5319148936170213, 0.5319148936170213, 0.5319148936170213, 0.5319148936170213, 0.5319148936170213, 0.5319148936170213, 0.5319148936170213, 0.5319148936170213, 0.5319148936170213, 0.5319148936170213, 0.5319148936170213, 0.5319148936170213, 0.5319148936170213, 0.5319148936170213, 0.5319148936170213, 0.5319148936170213, 0.5319148936170213, 0.5319148936170213, 0.5319148936170213, 0.5319148936170213, 0.5319148936170213, 0.5319148936170213, 0.5319148936170213, 0.5208333333333334, 0.5208333333333334, 0.5208333333333334, 0.5208333333333334, 0.5208333333333334, 0.5208333333333334, 0.5208333333333334, 0.5208333333333334, 0.5208333333333334, 0.5208333333333334, 0.5208333333333334, 0.5208333333333334, 0.5208333333333334, 0.5208333333333334, 0.5306122448979592, 0.5306122448979592, 0.5306122448979592, 0.5306122448979592, 0.5306122448979592, 0.5306122448979592, 0.5306122448979592, 0.5306122448979592, 0.5306122448979592, 0.5306122448979592, 0.5306122448979592, 0.5306122448979592, 0.5306122448979592, 0.54, 0.54, 0.54, 0.54, 0.54, 0.54, 0.54, 0.54, 0.54, 0.54, 0.54, 0.54, 0.54, 0.54, 0.54, 0.54, 0.54, 0.54, 0.54, 0.54, 0.5294117647058824, 0.5294117647058824, 0.5384615384615384, 0.5471698113207547, 0.5471698113207547, 0.5357142857142857, 0.4918032786885246, 0.017408123791102514], "test_recalls": [0.0, 0.2361111111111111, 0.2638888888888889, 0.2777777777777778, 0.2777777777777778, 0.2777777777777778, 0.2777777777777778, 0.2777777777777778, 0.2777777777777778, 0.3055555555555556, 0.3055555555555556, 0.3194444444444444, 0.3194444444444444, 0.3194444444444444, 0.3194444444444444, 0.3333333333333333, 0.3472222222222222, 0.3472222222222222, 0.3472222222222222, 0.3472222222222222, 0.3472222222222222, 0.3472222222222222, 0.3472222222222222, 0.3472222222222222, 0.3472222222222222, 0.3472222222222222, 0.3472222222222222, 0.3472222222222222, 0.3472222222222222, 0.3472222222222222, 0.3472222222222222, 0.3472222222222222, 0.3472222222222222, 0.3472222222222222, 0.3472222222222222, 0.3472222222222222, 0.3472222222222222, 0.3472222222222222, 0.3472222222222222, 0.3472222222222222, 0.3472222222222222, 0.3472222222222222, 0.3472222222222222, 0.3472222222222222, 0.3472222222222222, 0.3472222222222222, 0.3472222222222222, 0.3472222222222222, 0.3472222222222222, 0.3472222222222222, 0.3472222222222222, 0.3472222222222222, 0.3472222222222222, 0.3472222222222222, 0.3472222222222222, 0.3472222222222222, 0.3472222222222222, 0.3472222222222222, 0.3472222222222222, 0.3472222222222222, 0.3611111111111111, 0.3611111111111111, 0.3611111111111111, 0.3611111111111111, 0.3611111111111111, 0.3611111111111111, 0.3611111111111111, 0.3611111111111111, 0.3611111111111111, 0.3611111111111111, 0.3611111111111111, 0.3611111111111111, 0.3611111111111111, 0.375, 0.375, 0.375, 0.375, 0.375, 0.375, 0.375, 0.375, 0.375, 0.375, 0.375, 0.375, 0.375, 0.375, 0.375, 0.375, 0.375, 0.375, 0.375, 0.375, 0.375, 0.375, 0.3888888888888889, 0.4027777777777778, 0.4027777777777778, 0.4166666666666667, 0.4166666666666667, 1.0], "test_precision_at_80_recall": 0.18005789118450433, "test_precision_at_90_recall": 0.09873300748780339, "test_aupr": 0.4207927714769977, "test_runtime": 12.5633, "test_samples_per_second": 329.213, "test_steps_per_second": 10.348}