{"test_loss": 0.0718613937497139, "test_accuracy": 0.9847678916827853, "test_f1": 0.5771812080536912, "test_precision": 0.5584415584415584, "test_recall": 0.5972222222222222, "test_precisions": [1.0, 0.5897435897435898, 0.56, 0.5660377358490566, 0.5789473684210527, 0.5932203389830508, 0.6, 0.6065573770491803, 0.6031746031746031, 0.59375, 0.59375, 0.6, 0.6, 0.5909090909090909, 0.582089552238806, 0.582089552238806, 0.582089552238806, 0.5882352941176471, 0.5882352941176471, 0.5882352941176471, 0.5797101449275363, 0.5915492957746479, 0.5915492957746479, 0.5915492957746479, 0.5915492957746479, 0.5833333333333334, 0.5833333333333334, 0.5833333333333334, 0.5833333333333334, 0.5833333333333334, 0.5833333333333334, 0.5675675675675675, 0.5675675675675675, 0.5675675675675675, 0.5675675675675675, 0.5675675675675675, 0.5675675675675675, 0.5675675675675675, 0.5675675675675675, 0.5675675675675675, 0.5675675675675675, 0.5657894736842105, 0.5657894736842105, 0.5657894736842105, 0.5657894736842105, 0.5657894736842105, 0.5657894736842105, 0.5584415584415584, 0.5584415584415584, 0.5584415584415584, 0.5584415584415584, 0.5584415584415584, 0.5584415584415584, 0.5584415584415584, 0.5584415584415584, 0.5641025641025641, 0.5641025641025641, 0.5641025641025641, 0.5641025641025641, 0.5641025641025641, 0.5641025641025641, 0.5569620253164557, 0.5569620253164557, 0.5625, 0.5625, 0.5625, 0.5609756097560976, 0.5476190476190477, 0.5411764705882353, 0.5411764705882353, 0.5411764705882353, 0.5411764705882353, 0.5348837209302325, 0.5287356321839081, 0.5340909090909091, 0.5222222222222223, 0.5222222222222223, 0.5222222222222223, 0.5222222222222223, 0.5222222222222223, 0.5108695652173914, 0.5108695652173914, 0.5161290322580645, 0.5106382978723404, 0.5, 0.4897959183673469, 0.49, 0.49, 0.49504950495049505, 0.49019607843137253, 0.4854368932038835, 0.4854368932038835, 0.4854368932038835, 0.4807692307692308, 0.4716981132075472, 0.4672897196261682, 0.45454545454545453, 0.44642857142857145, 0.4396551724137931, 0.4140625, 0.017408123791102514], "test_recalls": [0.0, 0.3194444444444444, 0.3888888888888889, 0.4166666666666667, 0.4583333333333333, 0.4861111111111111, 0.5, 0.5138888888888888, 0.5277777777777778, 0.5277777777777778, 0.5277777777777778, 0.5416666666666666, 0.5416666666666666, 0.5416666666666666, 0.5416666666666666, 0.5416666666666666, 0.5416666666666666, 0.5555555555555556, 0.5555555555555556, 0.5555555555555556, 0.5555555555555556, 0.5833333333333334, 0.5833333333333334, 0.5833333333333334, 0.5833333333333334, 0.5833333333333334, 0.5833333333333334, 0.5833333333333334, 0.5833333333333334, 0.5833333333333334, 0.5833333333333334, 0.5833333333333334, 0.5833333333333334, 0.5833333333333334, 0.5833333333333334, 0.5833333333333334, 0.5833333333333334, 0.5833333333333334, 0.5833333333333334, 0.5833333333333334, 0.5833333333333334, 0.5972222222222222, 0.5972222222222222, 0.5972222222222222, 0.5972222222222222, 0.5972222222222222, 0.5972222222222222, 0.5972222222222222, 0.5972222222222222, 0.5972222222222222, 0.5972222222222222, 0.5972222222222222, 0.5972222222222222, 0.5972222222222222, 0.5972222222222222, 0.6111111111111112, 0.6111111111111112, 0.6111111111111112, 0.6111111111111112, 0.6111111111111112, 0.6111111111111112, 0.6111111111111112, 0.6111111111111112, 0.625, 0.625, 0.625, 0.6388888888888888, 0.6388888888888888, 0.6388888888888888, 0.6388888888888888, 0.6388888888888888, 0.6388888888888888, 0.6388888888888888, 0.6388888888888888, 0.6527777777777778, 0.6527777777777778, 0.6527777777777778, 0.6527777777777778, 0.6527777777777778, 0.6527777777777778, 0.6527777777777778, 0.6527777777777778, 0.6666666666666666, 0.6666666666666666, 0.6666666666666666, 0.6666666666666666, 0.6805555555555556, 0.6805555555555556, 0.6944444444444444, 0.6944444444444444, 0.6944444444444444, 0.6944444444444444, 0.6944444444444444, 0.6944444444444444, 0.6944444444444444, 0.6944444444444444, 0.6944444444444444, 0.6944444444444444, 0.7083333333333334, 0.7361111111111112, 1.0], "test_precision_at_80_recall": 0.31803038786521426, "test_precision_at_90_recall": 0.1677192558281584, "test_aupr": 0.541703197484663, "test_runtime": 12.5005, "test_samples_per_second": 330.866, "test_steps_per_second": 10.4}