{"vanilla": {"eval_loss": 0.03690997138619423, "eval_accuracy": 0.9935808809006518, "eval_precision_at_80_recall": 0.012739482520244915, "eval_precision_at_90_recall": 0.012739482520244915, "eval_aupr": 0.7408692211448893, "eval_runtime": 106.9942, "eval_samples_per_second": 94.641, "eval_steps_per_second": 2.963, "epoch": 4.0}, "val_set_size": 10126, "val_pos_size": 129, "oversampled": {"eval_loss": 0.05072110518813133, "eval_accuracy": 0.9933833695437487, "eval_precision_at_80_recall": 0.7161290322580646, "eval_precision_at_90_recall": 0.012739482520244915, "eval_aupr": 0.7954116078728443, "eval_runtime": 107.0066, "eval_samples_per_second": 94.63, "eval_steps_per_second": 2.962, "epoch": 4.0}, "augmented": {"eval_loss": 0.05264221504330635, "eval_accuracy": 0.9940746592929094, "eval_precision_at_80_recall": 0.012739482520244915, "eval_precision_at_90_recall": 0.012739482520244915, "eval_aupr": 0.7808481894128363, "eval_runtime": 106.8177, "eval_samples_per_second": 94.797, "eval_steps_per_second": 2.968, "epoch": 4.0}}