{"test_loss": 0.0414077453315258, "test_accuracy": 0.9932279909706546, "test_f1": 0.5714285714285714, "test_precision": 0.8, "test_recall": 0.4444444444444444, "test_precisions": [1.0, 0.8, 0.8, 0.8, 0.8, 0.8, 0.8, 0.8, 0.8, 0.8, 0.8, 0.8, 0.8, 0.8, 0.8, 0.8, 0.8, 0.8, 0.8, 0.8, 0.8, 0.8, 0.8, 0.8, 0.8, 0.8, 0.8, 0.8, 0.8, 0.8, 0.8, 0.8, 0.8, 0.8, 0.8, 0.8, 0.8, 0.8, 0.8, 0.8, 0.8, 0.8, 0.8, 0.8, 0.8, 0.8, 0.8, 0.8, 0.8, 0.8, 0.8, 0.8, 0.8, 0.8, 0.8, 0.8, 0.8, 0.8, 0.8, 0.8, 0.8, 0.8, 0.8, 0.8, 0.8, 0.8, 0.8, 0.8, 0.8, 0.8, 0.8, 0.8, 0.8, 0.8, 0.8, 0.8, 0.8, 0.8, 0.8, 0.8, 0.8, 0.8, 0.8, 0.8, 0.8, 0.8, 0.8, 0.8, 0.8, 0.8, 0.8, 0.8, 0.8, 0.8333333333333334, 0.8333333333333334, 0.8333333333333334, 0.8333333333333334, 0.8333333333333334, 0.8333333333333334, 0.8333333333333334, 0.010158013544018058], "test_recalls": [0.0, 0.4444444444444444, 0.4444444444444444, 0.4444444444444444, 0.4444444444444444, 0.4444444444444444, 0.4444444444444444, 0.4444444444444444, 0.4444444444444444, 0.4444444444444444, 0.4444444444444444, 0.4444444444444444, 0.4444444444444444, 0.4444444444444444, 0.4444444444444444, 0.4444444444444444, 0.4444444444444444, 0.4444444444444444, 0.4444444444444444, 0.4444444444444444, 0.4444444444444444, 0.4444444444444444, 0.4444444444444444, 0.4444444444444444, 0.4444444444444444, 0.4444444444444444, 0.4444444444444444, 0.4444444444444444, 0.4444444444444444, 0.4444444444444444, 0.4444444444444444, 0.4444444444444444, 0.4444444444444444, 0.4444444444444444, 0.4444444444444444, 0.4444444444444444, 0.4444444444444444, 0.4444444444444444, 0.4444444444444444, 0.4444444444444444, 0.4444444444444444, 0.4444444444444444, 0.4444444444444444, 0.4444444444444444, 0.4444444444444444, 0.4444444444444444, 0.4444444444444444, 0.4444444444444444, 0.4444444444444444, 0.4444444444444444, 0.4444444444444444, 0.4444444444444444, 0.4444444444444444, 0.4444444444444444, 0.4444444444444444, 0.4444444444444444, 0.4444444444444444, 0.4444444444444444, 0.4444444444444444, 0.4444444444444444, 0.4444444444444444, 0.4444444444444444, 0.4444444444444444, 0.4444444444444444, 0.4444444444444444, 0.4444444444444444, 0.4444444444444444, 0.4444444444444444, 0.4444444444444444, 0.4444444444444444, 0.4444444444444444, 0.4444444444444444, 0.4444444444444444, 0.4444444444444444, 0.4444444444444444, 0.4444444444444444, 0.4444444444444444, 0.4444444444444444, 0.4444444444444444, 0.4444444444444444, 0.4444444444444444, 0.4444444444444444, 0.4444444444444444, 0.4444444444444444, 0.4444444444444444, 0.4444444444444444, 0.4444444444444444, 0.4444444444444444, 0.4444444444444444, 0.4444444444444444, 0.4444444444444444, 0.4444444444444444, 0.4444444444444444, 0.5555555555555556, 0.5555555555555556, 0.5555555555555556, 0.5555555555555556, 0.5555555555555556, 0.5555555555555556, 0.5555555555555556, 1.0], "test_precision_at_80_recall": 0.38058690744920987, "test_precision_at_90_recall": 0.19537246049661394, "test_aupr": 0.678183262269041, "test_runtime": 2.8156, "test_samples_per_second": 314.675, "test_steps_per_second": 9.945}