{"test_loss": 0.01981033943593502, "test_accuracy": 0.9954853273137697, "test_f1": 0.7999999999999999, "test_precision": 0.7272727272727273, "test_recall": 0.8888888888888888, "test_precisions": [1.0, 0.8333333333333334, 0.8571428571428571, 0.8571428571428571, 0.8571428571428571, 0.75, 0.75, 0.75, 0.75, 0.75, 0.7777777777777778, 0.7777777777777778, 0.7, 0.7, 0.7, 0.7, 0.7, 0.7, 0.7, 0.7, 0.7, 0.7, 0.7, 0.7, 0.7, 0.7, 0.7, 0.7, 0.7, 0.7, 0.7, 0.7, 0.7, 0.7, 0.7, 0.7, 0.7, 0.7, 0.7, 0.7, 0.7, 0.7, 0.7, 0.7, 0.7, 0.7, 0.7, 0.7272727272727273, 0.7272727272727273, 0.7272727272727273, 0.7272727272727273, 0.7272727272727273, 0.7272727272727273, 0.7272727272727273, 0.7272727272727273, 0.7272727272727273, 0.7272727272727273, 0.7272727272727273, 0.7272727272727273, 0.7272727272727273, 0.7272727272727273, 0.7272727272727273, 0.7272727272727273, 0.7272727272727273, 0.7272727272727273, 0.7272727272727273, 0.7272727272727273, 0.7272727272727273, 0.7272727272727273, 0.7272727272727273, 0.7272727272727273, 0.7272727272727273, 0.7272727272727273, 0.7272727272727273, 0.7272727272727273, 0.7272727272727273, 0.7272727272727273, 0.7272727272727273, 0.7272727272727273, 0.7272727272727273, 0.7272727272727273, 0.7272727272727273, 0.7272727272727273, 0.7272727272727273, 0.7272727272727273, 0.7272727272727273, 0.7272727272727273, 0.7272727272727273, 0.7272727272727273, 0.7272727272727273, 0.7272727272727273, 0.7272727272727273, 0.7272727272727273, 0.7272727272727273, 0.7272727272727273, 0.7272727272727273, 0.7272727272727273, 0.7272727272727273, 0.5294117647058824, 0.5, 0.010158013544018058], "test_recalls": [0.0, 0.5555555555555556, 0.6666666666666666, 0.6666666666666666, 0.6666666666666666, 0.6666666666666666, 0.6666666666666666, 0.6666666666666666, 0.6666666666666666, 0.6666666666666666, 0.7777777777777778, 0.7777777777777778, 0.7777777777777778, 0.7777777777777778, 0.7777777777777778, 0.7777777777777778, 0.7777777777777778, 0.7777777777777778, 0.7777777777777778, 0.7777777777777778, 0.7777777777777778, 0.7777777777777778, 0.7777777777777778, 0.7777777777777778, 0.7777777777777778, 0.7777777777777778, 0.7777777777777778, 0.7777777777777778, 0.7777777777777778, 0.7777777777777778, 0.7777777777777778, 0.7777777777777778, 0.7777777777777778, 0.7777777777777778, 0.7777777777777778, 0.7777777777777778, 0.7777777777777778, 0.7777777777777778, 0.7777777777777778, 0.7777777777777778, 0.7777777777777778, 0.7777777777777778, 0.7777777777777778, 0.7777777777777778, 0.7777777777777778, 0.7777777777777778, 0.7777777777777778, 0.8888888888888888, 0.8888888888888888, 0.8888888888888888, 0.8888888888888888, 0.8888888888888888, 0.8888888888888888, 0.8888888888888888, 0.8888888888888888, 0.8888888888888888, 0.8888888888888888, 0.8888888888888888, 0.8888888888888888, 0.8888888888888888, 0.8888888888888888, 0.8888888888888888, 0.8888888888888888, 0.8888888888888888, 0.8888888888888888, 0.8888888888888888, 0.8888888888888888, 0.8888888888888888, 0.8888888888888888, 0.8888888888888888, 0.8888888888888888, 0.8888888888888888, 0.8888888888888888, 0.8888888888888888, 0.8888888888888888, 0.8888888888888888, 0.8888888888888888, 0.8888888888888888, 0.8888888888888888, 0.8888888888888888, 0.8888888888888888, 0.8888888888888888, 0.8888888888888888, 0.8888888888888888, 0.8888888888888888, 0.8888888888888888, 0.8888888888888888, 0.8888888888888888, 0.8888888888888888, 0.8888888888888888, 0.8888888888888888, 0.8888888888888888, 0.8888888888888888, 0.8888888888888888, 0.8888888888888888, 0.8888888888888888, 0.8888888888888888, 0.8888888888888888, 1.0, 1.0, 1.0], "test_precision_at_80_recall": 0.7054545454545454, "test_precision_at_90_recall": 0.7074866310160427, "test_aupr": 0.8371598807873318, "test_runtime": 2.814, "test_samples_per_second": 314.858, "test_steps_per_second": 9.95}