{"vanilla": {"test_loss": 0.04235690087080002, "test_accuracy": 0.9925742574257426, "test_precision_at_80_recall": 0.007425742574257425, "test_precision_at_90_recall": 0.007425742574257425, "test_aupr": 0.5037128712871287, "test_runtime": 3.2845, "test_samples_per_second": 123.002, "test_steps_per_second": 3.958}, "oversampled": {"test_loss": 0.02860194817185402, "test_accuracy": 0.995049504950495, "test_precision_at_80_recall": 0.007425742574257425, "test_precision_at_90_recall": 0.007425742574257425, "test_aupr": 0.779015401540154, "test_runtime": 3.2877, "test_samples_per_second": 122.884, "test_steps_per_second": 3.954}, "augmented": {"test_loss": 0.04625920206308365, "test_accuracy": 0.9925742574257426, "test_precision_at_80_recall": 0.007425742574257425, "test_precision_at_90_recall": 0.007425742574257425, "test_aupr": 0.5037128712871287, "test_runtime": 3.278, "test_samples_per_second": 123.245, "test_steps_per_second": 3.966}}