{"vanilla": {"test_loss": 0.05207839980721474, "test_accuracy": 0.987220447284345, "test_precision_at_80_recall": 0.012779552715654952, "test_precision_at_90_recall": 0.012779552715654952, "test_aupr": 0.8051688726608854, "test_runtime": 1.5452, "test_samples_per_second": 202.563, "test_steps_per_second": 6.472}, "oversampled": {"test_loss": 0.031340546905994415, "test_accuracy": 0.9904153354632588, "test_precision_at_80_recall": 0.5714285714285714, "test_precision_at_90_recall": 0.5714285714285714, "test_aupr": 0.6880952380952381, "test_runtime": 1.5406, "test_samples_per_second": 203.166, "test_steps_per_second": 6.491}, "augmented": {"test_loss": 0.11713046580553055, "test_accuracy": 0.987220447284345, "test_precision_at_80_recall": 0.012779552715654952, "test_precision_at_90_recall": 0.012779552715654952, "test_aupr": 0.5063897763578274, "test_runtime": 1.5444, "test_samples_per_second": 202.664, "test_steps_per_second": 6.475}}