{"vanilla": {"test_loss": 0.02978154644370079, "test_accuracy": 0.9925742574257426, "test_precision_at_80_recall": 0.007425742574257425, "test_precision_at_90_recall": 0.007425742574257425, "test_aupr": 0.7512376237623761, "test_runtime": 1.1873, "test_samples_per_second": 340.268, "test_steps_per_second": 10.949}, "oversampled": {"test_loss": 0.02629942074418068, "test_accuracy": 0.9975247524752475, "test_precision_at_80_recall": 0.007425742574257425, "test_precision_at_90_recall": 0.007425742574257425, "test_aupr": 0.8345709570957096, "test_runtime": 1.1901, "test_samples_per_second": 339.457, "test_steps_per_second": 10.923}, "augmented": {"test_loss": 0.029239565134048462, "test_accuracy": 0.995049504950495, "test_precision_at_80_recall": 0.007425742574257425, "test_precision_at_90_recall": 0.007425742574257425, "test_aupr": 0.8345709570957096, "test_runtime": 1.1869, "test_samples_per_second": 340.384, "test_steps_per_second": 10.953}}