{"vanilla": {"test_loss": 0.04172221198678017, "test_accuracy": 0.9880557398805574, "test_precision_at_80_recall": 0.011944260119442602, "test_precision_at_90_recall": 0.011944260119442602, "test_aupr": 0.7673054698298007, "test_runtime": 5.364, "test_samples_per_second": 280.947, "test_steps_per_second": 8.949}, "oversampled": {"test_loss": 0.06249435991048813, "test_accuracy": 0.9927007299270073, "test_precision_at_80_recall": 0.011944260119442602, "test_precision_at_90_recall": 0.011944260119442602, "test_aupr": 0.6588968234725534, "test_runtime": 5.3639, "test_samples_per_second": 280.953, "test_steps_per_second": 8.949}, "augmented": {"test_loss": 0.11545979231595993, "test_accuracy": 0.9873921698739216, "test_precision_at_80_recall": 0.011944260119442602, "test_precision_at_90_recall": 0.011944260119442602, "test_aupr": 0.3238248842263441, "test_runtime": 5.3665, "test_samples_per_second": 280.819, "test_steps_per_second": 8.944}}