{"vanilla": {"test_loss": 0.09472835063934326, "test_accuracy": 0.9828431372549019, "test_precision_at_80_recall": 0.01715686274509804, "test_precision_at_90_recall": 0.01715686274509804, "test_aupr": 0.39184173669467787, "test_runtime": 1.1943, "test_samples_per_second": 341.637, "test_steps_per_second": 10.885}, "oversampled": {"test_loss": 0.09890260547399521, "test_accuracy": 0.9852941176470589, "test_precision_at_80_recall": 0.01715686274509804, "test_precision_at_90_recall": 0.01715686274509804, "test_aupr": 0.5298669467787115, "test_runtime": 1.1887, "test_samples_per_second": 343.24, "test_steps_per_second": 10.937}, "augmented": {"test_loss": 0.1275549829006195, "test_accuracy": 0.9828431372549019, "test_precision_at_80_recall": 0.01715686274509804, "test_precision_at_90_recall": 0.01715686274509804, "test_aupr": 0.5061274509803921, "test_runtime": 1.1905, "test_samples_per_second": 342.727, "test_steps_per_second": 10.92}}