{"vanilla": {"test_loss": 0.023501256480813026, "test_accuracy": 0.9911684782608695, "test_precision_at_80_recall": 0.6875, "test_precision_at_90_recall": 0.008831521739130434, "test_aupr": 0.7956454111745033, "test_runtime": 5.0085, "test_samples_per_second": 293.899, "test_steps_per_second": 9.184}, "oversampled": {"test_loss": 0.028973804786801338, "test_accuracy": 0.9972826086956522, "test_precision_at_80_recall": 0.8461538461538461, "test_precision_at_90_recall": 0.008831521739130434, "test_aupr": 0.8468331939799331, "test_runtime": 5.0074, "test_samples_per_second": 293.967, "test_steps_per_second": 9.186}, "augmented": {"test_loss": 0.02917875349521637, "test_accuracy": 0.9972826086956522, "test_precision_at_80_recall": 0.8461538461538461, "test_precision_at_90_recall": 0.008831521739130434, "test_aupr": 0.8468331939799331, "test_runtime": 5.0113, "test_samples_per_second": 293.735, "test_steps_per_second": 9.179}}